Workbook

Sheet National Emissions 2022
A1: UZBEKISTAN GHG EMISSIONS BY SECTOR, 2022
A2: Source: BTR1 of Uzbekistan to UNFCCC (2024), National GHG Inventory 1990-2022
A4: Sector | B4: Emissions (Mt CO2-eq) | C4: Share of Total (%) | D4: Key Sub-sectors / Notes
A5: Energy | B5: 139.48 | C5: 0.6656 | D5: Electricity/heat generation, residential, transport, fugitive emissions (oil & gas)
A6: - Fuel Combustion | B6: 104 | C6: 0.4962 | D6: Power plants, industry, residential heating, transport
A7: - Fugitive Emissions | B7: 35.48 | C7: 0.1693 | D7: Methane leaks from oil/gas extraction, processing, transport
A8: IPPU | B8: 30.45 | C8: 0.1453 | D8: Cement, glass, ceramics, ammonia, steel, ferroalloys, nitric acid
A9: Agriculture | B9: 35.32 | C9: 0.1685 | D9: Livestock (enteric fermentation, manure), rice cultivation, soils (fertilizers)
A10: Waste | B10: 4.36 | C10: 0.0208 | D10: Solid waste disposal, wastewater, waste incineration
A11: TOTAL (excl. LULUCF) | B11: 209.61 | C11: 1 | D11: National total per BTR1
A12: LULUCF (net sink) | B12: -8.46 | C12: -0.0404 | D12: Forest Land, Cropland, Grassland carbon sinks; 80% forests in Karakalpakstan/Navoi/Bukhara
A13: NET TOTAL (incl. LULUCF) | B13: 201.15 | D13: 209.61 - 8.46 = 201.15 Mt CO2-eq (per BTR1)
A14: ENERGY SECTOR BREAKDOWN (Estimated for 2022)
A15: Energy Sub-sector | B15: Emissions (Mt CO2-eq) | C15: Share of Energy (%) | D15: Regional Relevance
A16: Electricity & Heat Generation | B16: 48 | C16: 0.344 | D16: Concentrated in Tashkent, Navoi, Syrdarya, Kashkadarya (major TPPs)
A17: Residential & Commercial | B17: 30 | C17: 0.215 | D17: Proportional to population; high in Fergana Valley, Tashkent
A18: Industry (fuel combustion) | B18: 14 | C18: 0.1 | D18: Navoi (mining/metallurgy), Tashkent region, Bukhara
A19: Transport | B19: 13 | C19: 0.093 | D19: Urban centers (Tashkent), transit corridors
A20: Fugitive Emissions (Oil & Gas) | B20: 32 | C20: 0.229 | D20: Kashkadarya, Bukhara, Surkhandarya (gas fields)
A21: Other Energy | B21: 2.48 | C21: 0.018 | D21: Agriculture equipment, military, etc.
A22: SUBTOTAL Energy | B22: 139.48

Sheet Regional Parameters
A1: REGIONAL PARAMETERS FOR EMISSIONS ESTIMATION (2022)
A2: Sources: Uzstat GRP data; BTR1; IEA Uzbekistan Energy Profile; UNDP CPEIR 2023
A4: Region | B4: Population (thousand, 2022) | C4: Pop. Share (%) | D4: GDP Share (%) | E4: Agriculture Share in GRP (%) | F4: Industry Share in GRP (%) | G4: Services Share in GRP (%) | H4: Construction Share in GRP (%) | I4: Key Emitting Infrastructure | J4: Energy Intensity Factor | K4: Fossil Fuel Production
A5: Tashkent City | B5: 2940 | C5: 0.0841 | D5: 0.176 | E5: 0.01 | F5: 0.15 | G5: 0.62 | H5: 0.1 | I5: TPPs, industry, transport hub | J5: 0.81 | K5: None
A6: Tashkent Region | B6: 2960 | C6: 0.0847 | D6: 0.096 | E6: 0.2 | F6: 0.44 | G6: 0.25 | H6: 0.07 | I6: Almalyk MMC, Angren TPP, cement | J6: 0.51 | K6: Coal (Angren)
A7: Navoi Region | B7: 1020 | C7: 0.0292 | D7: 0.084 | E7: 0.14 | F7: 0.73 | G7: 0.1 | H7: 0.04 | I7: Navoi MMC (gold/uranium), TPP, chemical | J7: 1.59 | K7: Uranium, gold processing
A8: Kashkadarya Region | B8: 3320 | C8: 0.095 | D8: 0.063 | E8: 0.36 | F8: 0.25 | G8: 0.31 | H8: 0.07 | I8: Shurtan Gas Chemical, Mubarek GPP | J8: 2.08 | K8: Major gas fields
A9: Bukhara Region | B9: 1960 | C9: 0.0561 | D9: 0.05 | E9: 0.4 | F9: 0.2 | G9: 0.29 | H9: 0.08 | I9: Oil/gas processing, textiles | J9: 0.16 | K9: Gas/oil fields
A10: Samarkand Region | B10: 3950 | C10: 0.1131 | D10: 0.06 | E10: 0.35 | F10: 0.22 | G10: 0.33 | H10: 0.08 | I10: Cement, food processing | J10: 0.12 | K10: Minor
A11: Fergana Region | B11: 3780 | C11: 0.1082 | D11: 0.056 | E11: 0.3 | F11: 0.22 | G11: 0.4 | H11: 0.07 | I11: Oil refinery, chemicals, textiles | J11: 0.12 | K11: Oil refinery
A12: Andijan Region | B12: 3230 | C12: 0.0925 | D12: 0.052 | E12: 0.38 | F12: 0.24 | G12: 0.3 | H12: 0.06 | I12: UzAuto Motors, light industry | J12: 0.12 | K12: Minor gas
A13: Namangan Region | B13: 2880 | C13: 0.0824 | D13: 0.042 | E13: 0.32 | F13: 0.2 | G13: 0.4 | H13: 0.07 | I13: Light industry, food processing | J13: 0.83 | K13: None
A14: Surkhandarya Region | B14: 2680 | C14: 0.0767 | D14: 0.038 | E14: 0.42 | F14: 0.12 | G14: 0.36 | H14: 0.09 | I14: Cement (Dzharkurgan), agriculture | J14: 0.12 | K14: Gas (Southern fields)
A15: Khorezm Region | B15: 1910 | C15: 0.0547 | D15: 0.033 | E15: 0.35 | F15: 0.18 | G15: 0.38 | H15: 0.08 | I15: Agriculture, light industry | J15: 0.12 | K15: None
A16: Jizzakh Region | B16: 1400 | C16: 0.0401 | D16: 0.027 | E16: 0.48 | F16: 0.15 | G16: 0.28 | H16: 0.08 | I16: Agriculture, emerging FEZ | J16: 0.12 | K16: None
... A18: Rep. Karakalpakstan | B18: 1930 | C18: 0.0553 | D18: 0.028 | E18: 0.28 | F18: 0.3 | G18: 0.35 | H18: 0.08 | I18: Kungrad soda plant, Ustyurt gas | J18: 1.65 | K18: Gas (Ustyurt Plateau)
A19: TOTAL | B19: =SUM(B5:B18) -> 34830 | C19: =SUM(C5:C18) -> 0.997 | D19: =SUM(D5:D18) -> 0.824

Sheet Emissions by Region
A1: ESTIMATED GHG EMISSIONS BY REGION, 2022 (Mt CO2-eq)
A2: Methodology: Proxy-based allocation using GDP share, population, sectoral structure, and energy intensity factors
A4: Region | B4: Electricity & Heat (Mt) | C4: Residential & Commercial (Mt) | D4: Industry Combustion (Mt) | E4: Transport (Mt) | F4: Fugitive Emissions (Mt) | G4: IPPU (Mt) | H4: Agriculture (Mt) | I4: Waste (Mt) | J4: LULUCF (Mt, sink) | K4: TOTAL (Mt CO2-eq) | L4: Share of National (%) | M4: NET Total (incl. LULUCF)
A5: Allocation Method → | B5: GDP×Energy Intensity | C5: Population weighted | D5: Industry GDP share | E5: Population + urbanization | F5: Fossil fuel production proxy | G5: Industry GDP share | H5: Agri GDP share + land | I5: Population weighted | J5: Forest area share + cropland | K5: Sum (excl. LULUCF) | L5: Share | M5: Gross - LULUCF
A6: NATIONAL TOTAL | B6: 50.48 | C6: 30 | D6: 14 | E6: 13 | F6: 32 | G6: 30.45 | H6: 35.32 | I6: 4.36 | J6: -8.46 | K6: 209.61 | L6: 1 | M6: 201.15
A7: Tashkent City | B7: 8.67 | C7: 2.52 | D7: 1.6 | E7: 1.69 | F7: 0.65 | G7: 1.22 | H7: 0.31 | I7: 0.37 | J7: -0.06 | K7: =SUM(B7:I7) -> 17.03 | L7: =K7/K$6 -> 0.081246124 | M7: =K7+J7 -> 16.97
A8: Tashkent Region | B8: 2.98 | C8: 2.54 | D8: 2.56 | E8: 1.25 | F8: 0.65 | G8: 5.48 | H8: 3.38 | I8: 0.37 | J8: -0.43 | K8: =SUM(B8:I8) -> 19.21 | L8: =K8/K$6 -> 0.091646391 | M8: =K8+J8 -> 18.78
A9: Navoi Region | B9: 8.06 | C9: 0.88 | D9: 3.72 | E9: 0.72 | F9: 0.33 | G9: 5.48 | H9: 2.07 | I9: 0.13 | J9: -1.54 | K9: =SUM(B9:I9) -> 21.39 | L9: =K9/K$6 -> 0.10204666 | M9: =K9+J9 -> 19.85
A10: Kashkadarya Region | B10: 7.93 | C10: 2.85 | D10: 0.96 | E10: 1.15 | F10: 12.41 | G10: 3.04 | H10: 4 | I10: 0.41 | J10: -0.63 | K10: =SUM(B10:I10) -> 32.75 | L10: =K10/K$6 -> 0.15624255 | M10: =K10+J10 -> 32.12
A11: Bukhara Region | B11: 0.49 | C11: 1.68 | D11: 0.61 | E11: 0.75 | F11: 8.82 | G11: 0.91 | H11: 3.52 | I11: 0.24 | J11: -1.37 | K11: =SUM(B11:I11) -> 17.02 | L11: =K11/K$6 -> 0.081198416 | M11: =K11+J11 -> 15.65
A12: Samarkand Region | B12: 0.59 | C12: 3.39 | D12: 0.8 | E12: 1.29 | F12: 0.33 | G12: 1.83 | H12: 3.7 | I12: 0.49 | J12: -0.42 | K12: =SUM(B12:I12) -> 12.42 | L12: =K12/K$6 -> 0.059252898 | M12: =K12+J12 -> 12
A13: Fergana Region | B13: 0.56 | C13: 3.25 | D13: 0.75 | E13: 1.22 | F13: 1.31 | G13: 2.44 | H13: 2.96 | I13: 0.47 | J13: -0.3 | K13: =SUM(B13:I13) -> 12.96 | L13: =K13/K$6 -> 0.061829111 | M13: =K13+J13 -> 12.66
A14: Andijan Region | B14: 0.48 | C14: 2.77 | D14: 0.76 | E14: 1.07 | F14: 0.65 | G14: 3.04 | H14: 3.48 | I14: 0.4 | J14: -0.33 | K14: =SUM(B14:I14) -> 12.65 | L14: =K14/K$6 -> 0.060350174 | M14: =K14+J14 -> 12.32
A15: Namangan Region | B15: 2.1 | C15: 2.47 | D15: 0.51 | E15: 0.93 | F15: 0.33 | G15: 1.22 | H15: 2.37 | I15: 0.36 | J15: -0.25 | K15: =SUM(B15:I15) -> 10.29 | L15: =K15/K$6 -> 0.049091169 | M15: =K15+J15 -> 10.04
A16: Surkhandarya Region | B16: 0.4 | C16: 2.3 | D16: 0.28 | E16: 0.86 | F16: 2.94 | G16: 1.52 | H16: 2.81 | I16: 0.33 | J16: -0.47 | K16: =SUM(B16:I16) -> 11.44 | L16: =K16/K$6 -> 0.054577549 | M16: =K16+J16 -> 10.97
A17: Khorezm Region | B17: 0.28 | C17: 1.64 | D17: 0.36 | E17: 0.64 | F17: 0.16 | G17: 0.61 | H17: 2.04 | I17: 0.24 | J17: -0.26 | K17: =SUM(B17:I17) -> 5.97 | L17: =K17/K$6 -> 0.028481466 | M17: =K17+J17 -> 5.71
A18: Jizzakh Region | B18: 0.21 | C18: 1.2 | D18: 0.25 | E18: 0.49 | F18: 0.16 | G18: 2.13 | H18: 2.28 | I18: 0.17 | J18: -0.32 | K18: =SUM(B18:I18) -> 6.89 | L18: =K18/K$6 -> 0.032870569 | M18: =K18+J18 -> 6.57
... A20: Rep. Karakalpakstan | B20: 2.8 | C20: 1.66 | D20: 0.51 | E20: 0.62 | F20: 2.94 | G20: 0.91 | H20: 1.38 | I20: 0.24 | J20: -2.02 | K20: =SUM(B20:I20) -> 11.06 | L20: =K20/K$6 -> 0.052764658 | M20: =K20+J20 -> 9.04
A21: SUM OF REGIONS | B21: =SUM(B7:B20) -> 50.47 | C21: =SUM(C7:C20) -> 29.9 | D21: =SUM(D7:D20) -> 14.02 | E21: =SUM(E7:E20) -> 13 | F21: =SUM(F7:F20) -> 32.01 | G21: =SUM(G7:G20) -> 30.44 | H21: =SUM(H7:H20) -> 35.3 | I21: =SUM(I7:I20) -> 4.33 | ... K21: =SUM(K7:K20) -> 209.47 | L21: =K21/K6 -> 0.99933209 | M21: =SUM(M7:M20) -> 200.95

Sheet Per Capita Analysis
A1: PER CAPITA GHG EMISSIONS BY REGION, 2022
A3: Region | B3: Population (thousand) | C3: Total Emissions (Mt CO2-eq) | D3: Per Capita (t CO2-eq/person) | E3: Ratio to National Average | F3: Emissions per GDP unit (proxy) | G3: Classification | H3: NET Emissions (incl. LULUCF) | I3: Net Per Capita (t CO2-eq)
A4: Tashkent City | B4: ='Regional Parameters'!B5 -> 2940 | C4: ='Emissions by Region'!J7 -> -0.06 | D4: =C4*1000/B4 -> -0.020408163 | E4: =D4/6 -> -0.0034013605 | F4: ='Emissions by Region'!K7/'Regional Parameters'!D5 -> 96.761364 | G4: =IF(D4>10,"Very High",IF(D4>6,"High",IF(D4>4,"Medium","Low"))) -> Low | H4: ='Emissions by Region'!M7 -> 16.97 | I4: =H4*1000/B4 -> 5.7721088
A5: Tashkent Region | B5: ='Regional Parameters'!B6 -> 2960 | C5: ='Emissions by Region'!J8 -> -0.43 | D5: =C5*1000/B5 -> -0.14527027 | E5: =D5/6 -> -0.024211712 | F5: ='Emissions by Region'!K8/'Regional Parameters'!D6 -> 200.10417 | G5: =IF(D5>10,"Very High",IF(D5>6,"High",IF(D5>4,"Medium","Low"))) -> Low | H5: ='Emissions by Region'!M8 -> 18.78 | I5: =H5*1000/B5 -> 6.3445946
A6: Navoi Region | B6: ='Regional Parameters'!B7 -> 1020 | C6: ='Emissions by Region'!J9 -> -1.54 | D6: =C6*1000/B6 -> -1.5098039 | E6: =D6/6 -> -0.25163399 | F6: ='Emissions by Region'!K9/'Regional Parameters'!D7 -> 254.64286 | G6: =IF(D6>10,"Very High",IF(D6>6,"High",IF(D6>4,"Medium","Low"))) -> Low | H6: ='Emissions by Region'!M9 -> 19.85 | I6: =H6*1000/B6 -> 19.460784
A7: Kashkadarya Region | B7: ='Regional Parameters'!B8 -> 3320 | C7: ='Emissions by Region'!J10 -> -0.63 | D7: =C7*1000/B7 -> -0.18975904 | E7: =D7/6 -> -0.031626506 | F7: ='Emissions by Region'!K10/'Regional Parameters'!D8 -> 519.84127 | G7: =IF(D7>10,"Very High",IF(D7>6,"High",IF(D7>4,"Medium","Low"))) -> Low | H7: ='Emissions by Region'!M10 -> 32.12 | I7: =H7*1000/B7 -> 9.6746988
A8: Bukhara Region | B8: ='Regional Parameters'!B9 -> 1960 | C8: ='Emissions by Region'!J11 -> -1.37 | D8: =C8*1000/B8 -> -0.69897959 | E8: =D8/6 -> -0.1164966 | F8: ='Emissions by Region'!K11/'Regional Parameters'!D9 -> 340.4 | G8: =IF(D8>10,"Very High",IF(D8>6,"High",IF(D8>4,"Medium","Low"))) -> Low | H8: ='Emissions by Region'!M11 -> 15.65 | I8: =H8*1000/B8 -> 7.9846939
A9: Samarkand Region | B9: ='Regional Parameters'!B10 -> 3950 | C9: ='Emissions by Region'!J12 -> -0.42 | D9: =C9*1000/B9 -> -0.10632911 | E9: =D9/6 -> -0.017721519 | F9: ='Emissions by Region'!K12/'Regional Parameters'!D10 -> 207 | G9: =IF(D9>10,"Very High",IF(D9>6,"High",IF(D9>4,"Medium","Low"))) -> Low | H9: ='Emissions by Region'!M12 -> 12 | I9: =H9*1000/B9 -> 3.0379747
A10: Fergana Region | B10: ='Regional Parameters'!B11 -> 3780 | C10: ='Emissions by Region'!J13 -> -0.3 | D10: =C10*1000/B10 -> -0.079365079 | E10: =D10/6 -> -0.013227513 | F10: ='Emissions by Region'!K13/'Regional Parameters'!D11 -> 231.42857 | G10: =IF(D10>10,"Very High",IF(D10>6,"High",IF(D10>4,"Medium","Low"))) -> Low | H10: ='Emissions by Region'!M13 -> 12.66 | I10: =H10*1000/B10 -> 3.3492063
A11: Andijan Region | B11: ='Regional Parameters'!B12 -> 3230 | C11: ='Emissions by Region'!J14 -> -0.33 | D11: =C11*1000/B11 -> -0.10216718 | E11: =D11/6 -> -0.017027864 | F11: ='Emissions by Region'!K14/'Regional Parameters'!D12 -> 243.26923 | G11: =IF(D11>10,"Very High",IF(D11>6,"High",IF(D11>4,"Medium","Low"))) -> Low | H11: ='Emissions by Region'!M14 -> 12.32 | I11: =H11*1000/B11 -> 3.8142415
A12: Namangan Region | B12: ='Regional Parameters'!B13 -> 2880 | C12: ='Emissions by Region'!J15 -> -0.25 | D12: =C12*1000/B12 -> -0.086805556 | E12: =D12/6 -> -0.014467593 | F12: ='Emissions by Region'!K15/'Regional Parameters'!D13 -> 245 | G12: =IF(D12>10,"Very High",IF(D12>6,"High",IF(D12>4,"Medium","Low"))) -> Low | H12: ='Emissions by Region'!M15 -> 10.04 | I12: =H12*1000/B12 -> 3.4861111
A13: Surkhandarya Region | B13: ='Regional Parameters'!B14 -> 2680 | C13: ='Emissions by Region'!J16 -> -0.47 | D13: =C13*1000/B13 -> -0.17537313 | E13: =D13/6 -> -0.029228856 | F13: ='Emissions by Region'!K16/'Regional Parameters'!D14 -> 301.05263 | G13: =IF(D13>10,"Very High",IF(D13>6,"High",IF(D13>4,"Medium","Low"))) -> Low | H13: ='Emissions by Region'!M16 -> 10.97 | I13: =H13*1000/B13 -> 4.0932836
A14: Khorezm Region | B14: ='Regional Parameters'!B15 -> 1910 | C14: ='Emissions by Region'!J17 -> -0.26 | D14: =C14*1000/B14 -> -0.13612565 | E14: =D14/6 -> -0.022687609 | F14: ='Emissions by Region'!K17/'Regional Parameters'!D15 -> 180.90909 | G14: =IF(D14>10,"Very High",IF(D14>6,"High",IF(D14>4,"Medium","Low"))) -> Low | H14: ='Emissions by Region'!M17 -> 5.71 | I14: =H14*1000/B14 -> 2.9895288
A15: Jizzakh Region | B15: ='Regional Parameters'!B16 -> 1400 | C15: ='Emissions by Region'!J18 -> -0.32 | D15: =C15*1000/B15 -> -0.22857143 | E15: =D15/6 -> -0.038095238 | F15: ='Emissions by Region'!K18/'Regional Parameters'!D16 -> 255.18519 | G15: =IF(D15>10,"Very High",IF(D15>6,"High",IF(D15>4,"Medium","Low"))) -> Low | H15: ='Emissions by Region'!M18 -> 6.57 | I15: =H15*1000/B15 -> 4.6928571
... A17: Rep. Karakalpakstan | B17: ='Regional Parameters'!B18 -> 1930 | C17: ='Emissions by Region'!J20 -> -2.02 | D17: =C17*1000/B17 -> -1.0466321 | E17: =D17/6 -> -0.17443869 | F17: ='Emissions by Region'!K20/'Regional Parameters'!D18 -> 395 | G17: =IF(D17>10,"Very High",IF(D17>6,"High",IF(D17>4,"Medium","Low"))) -> Low | H17: ='Emissions by Region'!M20 -> 9.04 | I17: =H17*1000/B17 -> 4.6839378
A18: NATIONAL AVERAGE | B18: 34939 | C18: 209.61 | D18: =C18*1000/B18 -> 5.9993131 | E18: 1 | F18: 1 | G18: Benchmark | H18: 201.15 | I18: =H18*1000/B18 -> 5.7571768

Sheet Methodology
A1: METHODOLOGY NOTES: REGIONAL GHG EMISSIONS ESTIMATION FOR UZBEKISTAN (2022)
A3: 1. DATA SOURCES
A4: - National total: 209.61 Mt CO2-eq from Uzbekistan BTR1 to UNFCCC (National GHG Inventory 1990-2022)
A5: - Sector breakdown: BTR1 reports Energy ~66.6%, IPPU ~14.5%, Agriculture ~16.9%, Waste ~2.1%
A6: - Energy sub-sectors: IEA Uzbekistan Energy Profile, UNDP CPEIR 2023
A7: - Regional GDP/population: Uzstat official GRP reports (2022), stat.uz press releases
A8: - Industrial facilities: Known locations of TPPs, mining/metallurgy, gas processing, cement plants
A10: 2. ALLOCATION METHODOLOGY
A11: Each emission category is allocated using the most appropriate proxy:
A13: a) Electricity & Heat Generation: GDP share × Energy Intensity Factor (normalized)
A14: Energy intensity factors reflect known concentration of power plants (Syrdarya TPP, Navoi TPP, etc.)
A16: b) Residential & Commercial: Proportional to population share
... A50: - Cross-validate with regional fuel consumption statistics
